commodity,year,month_number,month,year_month,avg_min_price,avg_max_price,avg_modal_price,lowest_modal_price,highest_modal_price,market_entries
Onion,2023,6,June,2023-06,1238.39,1609.76,1427.5,12.0,11800.0,10838
Onion,2023,7,July,2023-07,1440.32,1885.28,1673.94,100.0,15000.0,12939
Onion,2023,8,August,2023-08,1783.38,2298.3,2064.64,30.0,19540.0,12711
Onion,2023,9,September,2023-09,2008.77,2519.53,2283.75,28.0,24000.0,12166
Onion,2023,10,October,2023-10,2393.22,3092.48,2781.91,20.0,51000.0,12406
Onion,2023,11,November,2023-11,3615.03,4488.07,4105.33,50.0,460000.0,11524
Onion,2023,12,December,2023-12,2766.6,3460.22,3147.33,47.0,350000.0,12391
Onion,2024,1,January,2024-01,1951.51,2441.1,2204.49,100.0,62000.0,12057
Onion,2024,2,February,2024-02,1592.69,2035.82,1816.36,15.0,240000.0,11698
Onion,2024,3,March,2024-03,1668.0,2123.94,1932.35,15.0,40340.0,12017
Onion,2024,4,April,2024-04,1658.23,2068.86,1879.12,8.0,20840.0,10916
Onion,2024,5,May,2024-05,1618.07,2094.1,1871.04,15.0,21480.0,13200
Onion,2024,6,June,2024-06,1689.28,2217.61,1989.97,290.0,20840.0,2517
Onion,2024,7,July,2024-07,2941.38,3526.35,3324.53,30.0,26040.0,13705
Onion,2024,8,August,2024-08,3270.62,3900.71,3694.4,200.0,35780.0,16005
Onion,2024,9,September,2024-09,3894.73,4707.03,4442.82,10.0,55800.0,15950
Onion,2024,10,October,2024-10,3959.73,4848.76,4558.93,20.0,40340.0,16181
Onion,2024,11,November,2024-11,4114.44,5161.33,4802.14,15.0,58540.0,15313
Onion,2024,12,December,2024-12,3883.5,5068.1,4566.93,550.0,55280.0,3038
Onion,2025,2,February,2025-02,2704.01,3291.16,3092.27,451.0,300000.0,13293
Onion,2025,3,March,2025-03,2354.35,2858.42,2682.5,100.0,52040.0,16848
Onion,2025,4,April,2025-04,1679.5,2093.33,1939.81,8.0,52040.0,16971
Onion,2025,5,May,2025-05,1465.99,1861.85,1708.33,50.0,9400.0,17820
Onion,2025,6,June,2025-06,1504.47,1930.46,1761.85,50.0,9000.0,5892
Potato,2023,6,June,2023-06,1188.89,1447.8,1317.58,150.0,38000.0,10269
Potato,2023,7,July,2023-07,1305.15,1579.09,1440.15,180.0,58009.0,12434
Potato,2023,8,August,2023-08,1344.43,1636.55,1489.08,16.0,58000.0,12177
Potato,2023,9,September,2023-09,1304.85,1610.52,1454.47,22.0,58000.0,11982
Potato,2023,10,October,2023-10,1261.64,1582.52,1420.36,13.0,43000.0,11942
Potato,2023,11,November,2023-11,1258.92,1579.1,1419.91,23.0,23440.0,11303
Potato,2023,12,December,2023-12,1124.13,1393.43,1262.9,23.0,29280.0,11983
Potato,2024,1,January,2024-01,1012.16,1249.42,1130.87,100.0,21040.0,11774
Potato,2024,2,February,2024-02,1028.39,1275.36,1149.77,11.0,22780.0,11281
Potato,2024,3,March,2024-03,1259.67,1532.22,1401.29,16.0,22780.0,11358
Potato,2024,4,April,2024-04,1587.82,1883.17,1747.79,31.0,21040.0,10688
Potato,2024,5,May,2024-05,1804.76,2119.52,1970.0,28.0,27340.0,12281
Potato,2024,6,June,2024-06,1868.62,2168.42,2023.84,35.0,29280.0,12337
Potato,2024,7,July,2024-07,2593.94,3001.99,2855.03,35.0,33840.0,15309
Potato,2024,8,August,2024-08,2824.54,3280.05,3138.91,222.0,31240.0,15057
Potato,2024,9,September,2024-09,2757.41,3198.51,3053.61,26.0,35780.0,14959
Potato,2024,10,October,2024-10,2802.72,3257.58,3101.71,260.0,39040.0,14997
Potato,2024,11,November,2024-11,2826.4,3312.72,3151.68,200.0,39040.0,14098
Potato,2024,12,December,2024-12,2575.38,3027.5,2876.82,160.0,29280.0,15403
Potato,2025,1,January,2025-01,2059.13,2449.42,2324.74,180.0,29280.0,16126
Potato,2025,2,February,2025-02,1659.08,1992.44,1885.33,190.0,29280.0,15555
Potato,2025,3,March,2025-03,1578.12,1883.22,1781.31,200.0,45400.0,16216
Potato,2025,4,April,2025-04,1530.82,1838.91,1734.29,150.0,29280.0,15891
Potato,2025,5,May,2025-05,1652.35,1985.19,1877.34,130.0,7400.0,16196
Potato,2025,6,June,2025-06,1717.09,2061.56,1951.14,150.0,7400.0,5450
Rice,2025,4,April,2025-04,3470.34,3742.44,3605.33,1800.0,14500.0,3037
Rice,2025,5,May,2025-05,3427.26,3716.31,3572.16,900.0,11860.0,3984
Rice,2025,6,June,2025-06,3395.33,3707.71,3547.27,1800.0,14400.0,760
Tomato,2023,6,June,2023-06,2126.35,2722.42,2431.22,25.0,32040.0,10449
Tomato,2023,7,July,2023-07,6395.08,7933.1,7194.11,110.0,150000.0,9961
Tomato,2023,8,August,2023-08,5545.73,7073.23,6370.7,150.0,68000.0,2052
Tomato,2023,9,September,2023-09,1729.27,2111.28,1923.75,150.0,10500.0,1845
Tomato,2023,10,October,2023-10,1397.88,1746.47,1574.17,350.0,9500.0,1893
Tomato,2023,11,November,2023-11,1769.93,2170.97,1972.68,600.0,6700.0,373
Wheat,2023,6,June,2023-06,2155.3,2407.44,2278.37,1550.0,5500.0,9896
Wheat,2023,7,July,2023-07,2183.71,2416.23,2297.79,215.0,7500.0,11561
Wheat,2023,8,August,2023-08,2277.93,2511.62,2391.79,230.0,7450.0,10713
Wheat,2023,9,September,2023-09,2311.29,2515.4,2411.24,500.0,5776.0,8547
Wheat,2023,10,October,2023-10,2351.24,2610.71,2476.31,851.0,8100.0,10084
Wheat,2023,11,November,2023-11,2426.56,2699.29,2561.85,1500.0,7040.0,8123
Wheat,2023,12,December,2023-12,2398.37,2670.91,2525.47,1500.0,5100.0,8875
Wheat,2024,1,January,2024-01,2432.14,2683.37,2543.2,1245.0,4200.0,7474
Wheat,2024,2,February,2024-02,2402.1,2676.85,2520.58,1600.0,4250.0,1622
